field_name,form_name,field_type,field_label,select_choices_or_calculations,field_note,text_validation_type_or_show_slider_number,text_validation_min,text_validation_max,required_field,field_annotation
participant_id,registration,text,Participant ID,"","","","","",y,Every participant will get a participant ID
digital_postcpr,registration,text,CPR med bindestreg,"",Angiv CPR-nr MED bindestreg (xxxxxx-xxxx),dk_cpr_dash,"","","",""
municipal_code,registration,text,3-cifret kommunekode,"",kommunekode (100-999),integer,100,999,"",""
email_eboks,registration,text,E-mail (til udsendelse af spørgeskema),"","",email,"","","","@DEFAULT = ""send@openngdp.local"""
send_date,registration,text,Sende dato (M-D-Y),"","",date_mdy,"","","",""
name,registration,text,Navn,"","","","","","",""
status_field,registration,radio,Eboks status,"1, Eboks OK | 2, Eboks fysisk post | 3, Ingen Eboks tilknyttet | 4, Anden fejl","","","","","",""
status_text_field,registration,text,Eboks Status Tekst,"","","","","","",""
no_consent,registration,checkbox,Samtykke tilbagetrukket eller ønsker ikke at deltage,"1, STOP","","","","","",""
background_start,survey,text,"","","",datetime_seconds_dmy,"","","",@HIDDEN-SURVEY @NOW
gender,survey,radio,Hvad er dit biologiske køn? ,"1, Mand|2, Kvinde","","","","",y,""
height,survey,text,hvor høj er du? (cm),"",Angiv centimeter højde i cm uden komma,integer,100,250,"",""
weight,survey,text,Hvor meget vejer du? (kg),"",Angiv ca. vægt i hele kilo uden komma,integer,15,300,"",""
weight_2_female,survey,text,"Hvor meget vejer du? (kg) (Hvis du er gravid, så skriv din ca. vægt inden du blev gravid).","",Angiv ca. vægt i hele kilo uden komma,integer,15,300,"",""
general_health,survey,descriptive,"Har din læge nogensinde fortalt dig, at du har: ","","","","","","",""
blood_preasure,survey,radio,"<div class=""rich-text-field-label""><p><span style=""font-weight: normal;"">Forhøjet blodtryk</span></p></div>","1, Ja | 0, Nej","","","","","",""
cholesterol,survey,radio,"<div class=""rich-text-field-label""><p><span style=""font-weight: normal;"">Forhøjet kolesterol</span></p></div>","1, Ja | 0, Nej","","","","","",""
weight_20yo,survey,text,"Hvad vejede du cirka, da du var 20 år gammel?","",Angiv ca. vægt i hele kilo uden komma (udfyld efter bedste erindring).,integer,30,300,"",""
highest_weight,survey,text,"Hvad er det meste, du nogensinde har vejet?","",Angiv i hele antal kilo uden komma,integer,20,300,"",""
highest_weight_2,survey,text,"Hvad er det meste, du nogensinde har vejet? (Angiv vægt uden perioder med graviditet).","",Angiv i hele antal kilo uden komma,integer,20,300,"",""
time_highest_weight,survey,text,Hvilket år havde du din højeste vægt?,"","",integer,1970,2029,"",""
time_highest_weight_2,survey,text,Hvilket år havde du din højeste vægt?  (Angiv år uden perioder med graviditet).,"","",integer,1970,2029,"",""
menstruation,survey,radio,Har du stadig menstruation?,"1, Ja | 0, Nej","","","","","",Information on whether the participant is still experiencing menstruation.
menopause,survey,radio,Er du gået i overgangsalderen?,"1, Ja | 0, Nej | 99, Ved det ikke","","","","","",Information on whether the participant has entered menopause.
civilstatus,survey,radio,Hvad er din civilstatus?,"1, Gift/Samlevende | 2, Partner (ikke sammenlevende) | 3, Enlig | 4, Fraskilt | 5, Enke/enkemand | 6, Ved ikke/vil ikke oplyse","","","","","",The participants civil status
children_home,survey,radio,Har du nogle hjemmeboende børn?,"1, Ja | 0, Nej","","","","","",Information on whether the participant has any children living at home.
smoking,survey,radio,"Ryger du, eller har du nogensinde røget?","1, Ja, hver dag | 2, Ja, mindst en gang om ugen | 3, Ja, men sjældnere end hver uge | 4, Nej, jeg er stoppet inden for de seneste 12 måneder | 5, Nej, jeg er stoppet for 1-5 år siden | 6, Nej, jeg er stoppet for mere end 5 år siden | 7, Nej, jeg har aldrig røget","","","","","",Information on the participant's smoking status
nikotine,survey,radio,"Bruger du andre former for nikotinpræparater (fx snus, e-cigaretter, nikotintyggegummi osv.)","1, Ja, hver dag|2, Ja, mindst en gang om ugen|3, Ja, men sjældnere end hver uge|4, Nej, jeg er stoppet inden for de seneste 12 måneder|5, Nej, jeg er stoppet for 1-5 år siden|6, Nej, jeg er stoppet for mere end 5 år siden|7, Nej, jeg har aldrig brugt nikotinpræparater","","","","","",""
background_end,survey,text,end of background start of self-rated health,"","",datetime_seconds_dmy,"","","",@HIDDEN-SURVEY @NOW
compl_time_background,survey,calc,"","datediff([background_start],[background_end],""s"",true)","","","","","",@HIDDEN-SURVEY
intro_sliders,survey,descriptive,"<div class=""rich-text-field-label""><p><span style=""text-decoration: underline;""><strong>Sådan bruger du skyderen i de følgende spørgsmål:</strong></span></p> <p><span style=""font-weight: normal;"">Besvar de næste spørgsmål ved at trække skyderen til det tal, der passer bedst i forhold til hvordan du vurderer din tilstand <em>i dag</em>.</span></p> <p><span style=""font-weight: normal;""><strong>0</strong> betyder <i>værst tænkelige</i>, og <strong>100</strong> betyder <i>bedst tænkelige</i>.</span></p> <p> </p></div>","","","","","","",""
physicalhealth,survey,descriptive,"<div class=""rich-text-field-label""><p><span style=""font-weight: normal;"">hvordan vil du vurdere </span>dit fysiske helbred som det er i dag?</p></div>","","","","","","",""
vas_physical,survey,slider,"<div class=""rich-text-field-label""><p><span style=""font-weight: normal;"">Angiv på denne skala, hvor god eller dårlig du synes, </span>dit fysiske helbred er i dag<span style=""font-weight: normal;"">. Gør dette ved at trække i skyderen til det punkt på skalaen, der passer bedst.</span></p></div>",0 (værste tænkelige helbredstilstand) |  | 100 (bedst tænkelige helbredstilstand),Træk i skyderen for at angive dit helbred i dag,number,0,100,"",""
mentalhealth,survey,descriptive,"<div class=""rich-text-field-label""><p><span style=""font-weight: normal;"">Hvordan vil du vurdere </span>dit mentale helbred som det er i dag?</p></div>","","","","","","",""
vas_mentalhealth,survey,slider,"<div class=""rich-text-field-label""><p><span style=""font-weight: normal;"">Angiv på denne skala, hvor god eller dårlig du synes, </span>dit mentale helbred er i dag<span style=""font-weight: normal;"">. Gør dette ved at trække i skyderen til det punkt på skalaen, der passer bedst.</span></p></div>",0 (værste tænkelige helbredstilstand) |  | 100 (bedst tænkelige helbredstilstand),Træk i skyderen for at angive dit helbred i dag,number,0,100,"",""
qol_intro,survey,descriptive,"<div class=""rich-text-field-label""><p>Overordnet set, hvordan vil du vurdere din livskvalitet?</p></div>","","","","","","",""
qol_vas,survey,slider,"<div class=""rich-text-field-label""><p><span style=""font-weight: normal;"">Angiv på denne skala, hvor god </span>din livskvalitet er i dag.<span style=""font-weight: normal;""> Gør dette ved at trække i skyderen til det punkt på skalaen, der passer bedst.</span></p></div>",0 (værst tænkelige livskvalitet) |  | 100 (bedst tænkelige livskvalitet),Træk i skyderen for at angive din livskvalitet i dag,number,0,100,"",""
sf_health_overall,survey,radio,"Hvordan synes du, dit helbred er alt i alt?","1, Fremragende|2, Vældig godt|3, Godt|4, Mindre godt|5, Dårligt","","","","",y,""
sf_intro,survey,descriptive,"<div class=""rich-text-field-label""><p>De følgende spørgsmål handler om aktiviteter i dagligdagen. Er du <span style=""text-decoration: underline;"">på grund af dit helbred</span> begrænset i disse aktiviteter? I så fald, hvor meget?</p></div>","","","","","","",""
sf_activities,survey,radio,"Lettere aktiviteter, såsom at flytte et bord, støvsuge eller cykle","1, Ja, meget begrænset|2, Ja, lidt begrænset|3, Nej, slet ikke begrænset","","","","","",""
sf_activities_1,survey,radio,At gå flere etager op ad trapper,"1, Ja, meget begrænset|2, Ja, lidt begrænset|3, Nej, slet ikke begrænset","","","","","",""
sf_daily_activities_intro,survey,descriptive,"<div class=""rich-text-field-label""><p>Har du inden for de <span style=""text-decoration: underline;"">sidste 4 uger</span> haft nogen af følgende problemer med dit arbejde eller andre daglige aktiviteter <span style=""text-decoration: underline;"">på grund af dit fysiske helbred?</span></p> <p class=""p1""> </p></div>","","","","","","",""
sf_daily_activities,survey,radio,"Jeg har nået mindre, end jeg gerne ville","1, Ja|2, Nej","","","","","",""
sf_daily_activities_limit,survey,radio,"Jeg har været begrænset i, hvilken slags arbejde eller andre aktiviteter, jeg har kunnet udføre","1, Ja|2, Nej","","","","","",""
sf_intro2,survey,descriptive,"<div class=""rich-text-field-label""><p class=""p1"">Har du inden for <span style=""text-decoration: underline;"">de sidste 4 uger</span> haft nogen af følgende problemer med dit arbejde eller andre</p> <p class=""p1"">daglige aktiviteter <span style=""text-decoration: underline;"">på grund af følelsesmæssige problemer?</span></p></div>","","","","","","",""
sf_activities_mental,survey,radio,"Jeg har nået mindre, end jeg gerne ville","1, Ja | 2, Nej","","","","","",""
sf_activities_careful,survey,radio,"Jeg har udført mit arbejde eller andre aktiviteter mindre omhyggeligt, end jeg plejer","1, Ja | 2, Nej","","","","","",""
sf_physical_pain,survey,radio,"<div class=""rich-text-field-label""><p>Inden for <span style=""text-decoration: underline;"">de sidste 4 uger,</span> hvor meget har fysisk smerte vanskeliggjort dit daglige arbejde (både arbejde uden for hjemmet og husarbejde)?</p></div>","1, Slet ikke|2, Lidt|3, Noget|4, En hel del|5, Virkelig meget","","","","","",""
sf_mental_intro,survey,descriptive,"<div class=""rich-text-field-label""><p>Disse spørgsmål handler om, hvordan du har haft det<span style=""text-decoration: underline;""> i de sidste 4 uger.</span></p> <p>Hvor stor en del af tiden <span style=""text-decoration: underline;"">i de sidste 4 uger...</span></p></div>","","","","","","",""
sf_mental_relaxed,survey,radio,...har du følt dig rolig og afslappet?,"1, Hele tiden|2, Det meste af tiden|3, En hel del af tiden|4, Noget af tiden|5, Lidt af tiden|6, På Intet tidspunkt","","","","","",""
sf_mental_energy,survey,radio,...har du været fuld af energi?,"1, Hele tiden|2, Det meste af tiden|3, En hel del af tiden|4, Noget af tiden|5, Lidt af tiden|6, På Intet tidspunkt","","","","","",""
sf_mental_sad,survey,radio,...har du følt dig trist til mode?,"1, Hele tiden|2, Det meste af tiden|3, En hel del af tiden|4, Noget af tiden|5, Lidt af tiden|6, På Intet tidspunkt","","","","","",""
sf_mental_social,survey,radio,"<div class=""rich-text-field-label""><p>Inden for <span style=""text-decoration: underline;"">de sidste 4 uger</span>, hvor stor en del af tiden har dit fysiske helbred eller følelsesmæssige problemer gjort det vanskeligt at se andre mennesker (fx besøge venner, slægtninge osv.)?</p></div>","1, Hele tiden|2, Det meste af tiden|3, Noget af tiden|4, Lidt af tiden|5, På Intet tidspunkt","","","","","",""
sf12v2_end,survey,text,"","","",datetime_seconds_dmy,"","","",@HIDDEN-SURVEY @NOW
sf12v2_complt_time,survey,calc,"","datediff([background_end],[sf12v2_end],""s"",true)","","","","","",@HIDDEN-SURVEY
obesity,survey,radio,Ser du dig selv som: ,"1, Undervægtig | 2, Normalvægtig | 3, Overvægtig | 99, Ved ikke","","","","","",""
body_type_men,survey,descriptive,"<div class=""rich-text-field-label""><p>Nedenfor ses en række figurer, der illustrerer forskellige kropsbygninger:</p></div>","","","","","","",""
body_type_woman,survey,descriptive,"Nedenfor ses en række figurer, der illustrerer forskellige kropsbygninger:","","","","","","",""
body_number,survey,radio,"Sæt markering ved det nummer, der kommer tættest på din kropsbygning ud fra ovenstående illustrationer: ","1, 1|2, 2|3, 3|4, 4|5, 5|6, 6|7, 7|8, 8|9, 9","","","","","",""
ses_social_intro,survey,descriptive,"<div class=""rich-text-field-label""><p><span style=""font-weight: normal;"">Forestil dig, at nedenstående skala repræsenterer <span style=""text-decoration: underline;"">den sociale rangstige i Danmark</span>. Skalaen går fra</span> 1 til 10. 1 <span style=""font-weight: normal;"">er dem med færrest penge, lavest uddannelse og mindst prestigefyldte jobs.</span> 10 <span style=""font-weight: normal;"">er dem med flest penge, højest uddannelse og mest prestigefyldte jobs. <span style=""text-decoration: underline;"">Jo højere tal, desto højere social status.</span></span></p></div>","","","","","","",Descriptive intro text
ses_dk_slider,survey,slider,"<div class=""rich-text-field-label""><p><span style=""font-weight: normal;"">Hvor vil du placere dig selv på denne skala på nuværende tidspunkt i dit liv</span> sammenlignet med Danmarks øvrige befolkning?</p></div>",1 (laveste sociale rang) |  | 10 (højeste sociale rang),"",number,1,10,"",the participant's self-perceived SES
delphi_ses_status_local,survey,descriptive,"Forestil dig nu, at skalaen er en repræsentation af placering på den sociale rangstige i dit lokalsamfund.","","","","","","",perceived local SES
ses_lokal_slider,survey,slider,"<div class=""rich-text-field-label""><p><span style=""font-weight: normal;"">Hvor vil du placere dig selv på skalaen på nuværende tidspunkt i dit liv </span>sammenlignet med andre i dit lokalsamfund?</p></div>",1 (laveste sociale rang) |  | 10 (højeste sociale rang),"",number,1,10,"",the participant's self-perceived SES comparet to the local community
self_rate_end,survey,text,"","","",datetime_seconds_dmy,"","","",@HIDDEN-SURVEY @NOW
compl_time_self_rate,survey,calc,"","datediff([sf12v2_end],[self_rate_end],""s"",true)","","","","","",@HIDDEN-SURVEY
alc_intro,survey,descriptive,Følgende spørgsmål omhandler dit forbrug af alkohol. ,"","","","","","",""
alc_12mo,survey,radio,Har du drukket alkohol inden for de seneste 12 måneder?,"1, Ja | 0, Nej","","","","","",""
alc_days_per_week,survey,radio,Hvor mange dage om ugen drikker du alkohol?,"0, Mindre end en dag om ugen | 1, 1 dag om ugen | 2, 2 dage om ugen | 3, 3 dage om ugen | 4, 4 dage om ugen | 5, 5 dage om ugen | 6, 6 dage om ugen | 7, 7 dage om ugen","","","","","",The number of days per week the participant usually consumes alcohol.
alc_mon,survey,text,"","","",integer,0,40,"",""
alc_tue,survey,text,"","","",integer,0,40,"",""
alc_wed,survey,text,"","","",integer,0,40,"",""
alc_thu,survey,text,"","","",integer,0,40,"",""
alc_fri,survey,text,"","","",integer,0,40,"",""
alc_sat,survey,text,"","","",integer,0,40,"",""
alc_sun,survey,text,"","","",integer,0,40,"",""
alc_per_week,survey,descriptive,"<div class=""rich-text-field-label""><div style=""margin-bottom: 8px;"">  <strong>Hvor mange genstande drikker du typisk på hver af dagene i løbet af ugen?</strong><br><span style=""font-weight: normal;"">  Start med mandag og tag en dag ad gangen (udfyld alle felter - også selvom svaret er 0).</span></div> <div class=""alcwrap"">   <br>  <table class=""alctable""> <tbody> <tr> <th>Dag</th> <th>Antal genstande</th> </tr> <tr> <td class=""day"">Mandag</td> <td class=""val"">{alc_mon}</td> </tr> <tr> <td class=""day"">Tirsdag</td> <td class=""val"">{alc_tue}</td> </tr> <tr> <td class=""day"">Onsdag</td> <td class=""val"">{alc_wed}</td> </tr> <tr> <td class=""day"">Torsdag</td> <td class=""val"">{alc_thu}</td> </tr> <tr> <td class=""day"">Fredag</td> <td class=""val"">{alc_fri}</td> </tr> <tr> <td class=""day"">Lørdag</td> <td class=""val"">{alc_sat}</td> </tr> <tr> <td class=""day"">Søndag</td> <td class=""val"">{alc_sun}</td> </tr> </tbody> </table> <div class=""alcinfo"">   <div class=""hdr"">Hvad er 1 genstand?</div> <br> <ul class=""bul""> <li><span style=""font-weight: normal;"">1 almindelig øl / 1 cider    </span></li> <li><span style=""font-weight: normal;"">1 glas rød-/hvidvin    </span></li> <li><span style=""font-weight: normal;"">1 glas hedvin     </span></li> <li><span style=""font-weight: normal;"">1 drink/cocktail   </span></li> <li><span style=""font-weight: normal;"">1 snaps/shot   </span></li> <li><span style=""font-weight: normal;"">1 alkoholsodavand </span>  </li> </ul> <p>  Flasker (ca.)</p> <ul class=""bul""> <li><span style=""font-weight: normal;"">1 flaske rød-/hvidvin = 6 genstand</span></li> <li><span style=""font-weight: normal;"">1 flaske hedvin = 10 genstande</span></li> <li><span style=""font-weight: normal;"">1 flaske spiritus = 20 genstande</span></li> </ul> </div> </div></div>","",angiv antal genstande for en normal uge,"","","","",""
alc_freq_per_occa,survey,radio,Hvor tit drikker du ved en enkelt lejlighed 5 genstande eller flere?,"1, Næsten dagligt eller dagligt | 2, Ugentligt | 3, Månedligt | 4, Sjældent | 5, Aldrig","","","","","",Information on how often the participant consumes five or more drinks on a single occasion.
alc_want_lower,survey,radio,Vil du gerne nedsætte dit alkoholforbrug?,"1, ja | 0, nej | 99, ved ikke","","","","","",""
alc_bad_health,survey,radio,"Vil du vurdere, at dit alkoholforbrug er skadeligt for dit helbred?","2, Ja, meget|1, Ja, lidt|0, Nej|99, ved ikke","","","","","",""
alc_prev_daily_use,survey,radio,"Har du tidligere i dit liv haft en periode, hvor du drak væsentligt mere alkohol end du gør nu?","1, Ja | 0, Nej","","","","","",Information on whether the participant has previously had a daily alcohol consumption.
alc_per_week_earlier,survey,text,I den periode hvor du havde dit højeste alkoholforbrug - Hvor mange genstande drak du så på en typisk uge?,"",angiv antal genstande for en normal uge,number,0,100,"",""
alc_period_start,survey,text,"<div class=""rich-text-field-label""><p><span style=""font-weight: normal;"">Hvornår </span>startede<span style=""font-weight: normal;""> perioden hvor du havde dit højeste forbrug af alkohol?</span></p></div>","",angiv ca. årstal (fx 1980),integer,1950,2030,"",""
alc_period_start_2,survey,text,"<div class=""rich-text-field-label""><p><span style=""font-weight: normal;"">Hvornår </span>sluttede<span style=""font-weight: normal;""> perioden hvor du havde dit højeste forbrug af alkohol?</span></p> <p><span style=""font-weight: normal;"">(hvis perioden varede mindre end et år kan du skrive samme start- og slut år)</span></p></div>","",angiv ca. årstal (fx 1990),integer,1950,2030,"",""
alc_end,survey,text,"","","",datetime_seconds_dmy,"","","",@HIDDEN-SURVEY @NOW
alc_compl_time,survey,calc,"","datediff([self_rate_end],[alc_end],""s"",true)","","","","","",@HIDDEN-SURVEY
lonely_single,survey,radio,"<div class=""rich-text-field-label""><p>Angiv den svarmulighed som passer bedst på dig i forhold til følgende udsagn:<br><br>""Jeg er ofte alene / har få kontakter""</p></div>","0, Nej, det passer ikke|1, Ja, det passer, men jeg lider ikke under det|2, Ja, det passer, og jeg lider lidt under det|3, Ja, det passer, og jeg lider moderat under det|4, Ja, det passer, og jeg lider meget under det","","","","","",""
social_support,survey,radio,"Har du nogen i dit netværk (fx venner, familie, bekendte eller professionelle), som du kan tale med, hvis du har problemer eller brug for støtte?","1, Ja | 2, Nej","","","","","","@HIDDEN-SURVEY
@HIDDEN-SURVEY"
contact_helpwithprob,survey,radio,Hvor ofte er du i kontakt med disse personer?,"1, Dagligt eller næsten dagligt|2, 3-4 gange om ugen|3, 1-2 gange om ugen|4, 1-2 gange om måneden|5, Sjældnere end 1 gang om måneden|6, Aldrig","","","","","","@HIDDEN-SURVEY
@HIDDEN-SURVEY"
social_end,survey,text,"","","",datetime_seconds_dmy,"","","",@HIDDEN-SURVEY @NOW
social_compl_time,survey,calc,"","datediff([alc_end],[social_end],""s"",true)","","","","","",@HIDDEN-SURVEY
family,survey,descriptive,"Følgende spørgsmål omhandler din families helbredshistorie. Selvom du er rask nu, vil kendskabet til din families helbredshistorie give vigtige ledetråde til dit fremtidige helbred.","","","","","","",""
delphi_parents_known,survey,radio,Hvor mange af dine biologiske forældre kender du?,"0, Ingen|1, Min biologiske far|2, Min biologiske mor|3, Både min biologiske far og mor","","","","","",number of known biological parents
father,survey,descriptive,"<div class=""rich-text-field-label""><p><span style=""font-size: 12pt;"">Følgende spørgsmål handler om din fars helbredshistorik</span></p></div>","","","","","","",father's health
delphi_father_health,survey,descriptive,Har/havde din far nogle af følgende helbredsproblemer? ,"","","","","","",father's health
father_alcohol_substance,survey,radio,Alkohol og/eller stofmisbrug,"1, Ja | 0, Nej | 99, Ved ikke","","","","","",did the participant's father drink or use drugs
father_overweight,survey,radio,Overvægt,"1, Ja | 0, Nej | 99, Ved ikke","","","","","",was the participant's father overweight
body_type_father,survey,descriptive,"Nedenfor ses en række figurer, der illustrerer forskellige kropsbygninger:","","","","","","",""
body_number_father,survey,radio,"Sæt markering ved det nummer, der kommer tættest på din fars kropsbygning ud fra ovenstående illustrationer: ","1, 1|2, 2|3, 3|4, 4|5, 5|6, 6|7, 7|8, 8|9, 9","","","","","",""
father_diabetes,survey,radio,Har/havde din far diabetes ,"1, Ja | 0, Nej | 99, Ved ikke","","","","","",""
delphi_father_dmtype,survey,radio,Hvilken type diabetes? ,"1, Type-1 diabetes | 2, Type-2 diabetes | 99, Ved ikke hvilken type","","","","","",""
father_smoke,survey,radio,Ryger/røg din far?,"1, Ja | 2, Ja, men han er stoppet | 0, Nej | 99, Ved ikke","","","","","",did the participant's father smoke
delphi_father_smoke_stoped,survey,text,Hvor mange år tror du ca. din far røg? ,"",Skriv antal år i hele tal (fx 16),number,1,100,"",""
mother,survey,descriptive,"<div class=""rich-text-field-label""><p><span style=""font-size: 12pt;"">Følgende spørgsmål handler om din mors helbredshistorik</span></p></div>","","","","","","",""
delphi_mother_health,survey,descriptive,Har/havde din mor nogle af følgende helbredsproblemer?,"","","","","","",""
mother_alcohol_substance,survey,radio,Alkohol og/eller stofmisbrug,"1, Ja | 0, Nej | 99, Ved ikke","","","","","",did the participant's mother drink or use drugs
mother_overweight,survey,radio,Overvægt,"1, Ja | 0, Nej | 99, Ved ikke","","","","","",was the participant's mother overweight
body_type_2,survey,descriptive,"Nedenfor ses en række figurer, der illustrerer forskellige kropsbygninger:","","","","","","",""
body_number_mother,survey,radio,"Sæt markering ved det nummer, der kommer tættest på din mors kropsbygning ud fra ovenstående illustrationer: ","1, 1|2, 2|3, 3|4, 4|5, 5|6, 6|7, 7|8, 8|9, 9","","","","","",""
mother_diabetes,survey,radio,Har/havde din mor diabetes,"1, Ja | 0, Nej | 99, Ved ikke","","","","","",""
delphi_father_dmtype_2,survey,radio,Hvilken type diabetes? ,"1, Type-1 diabetes | 2, Type-2 diabetes | 99, Ved ikke hvilken type","","","","","",""
mother_smoke,survey,radio,Ryger/røg din mor?,"1, Ja | 2, Ja, men hun er stoppet | 3, Nej | 99, Ved ikke","","","","","",did the participant's mother smoke
mother_smoke_years,survey,text,Hvor mange år tror du ca. din mor røg? ,"",Skriv antal år i hele tal (fx 16),number,1,100,"",""
family_end,survey,text,"","","",datetime_seconds_dmy,"","","",@HIDDEN-SURVEY @NOW
family_compl_time,survey,calc,"","datediff([social_end],[family_end],""s"",true)","","","","","",@HIDDEN-SURVEY
dass_intro,survey,descriptive,"<div class=""rich-text-field-label""><p>Læs venligst hvert udsagn og sæt kryds ud fra det felt, som bedst beskriver, hvor godt du føler udsagnet har passet på dig <span style=""text-decoration: underline;"">i den seneste uge</span>. Der findes ingen rigtige eller forkerte svar. Brug ikke for meget tid på de enkelte udsagn.<br><br><br></p></div>","","","","","","",Statements that best describe the participant's experience of depression and anxiety.
dass_tense,survey,radio,Det var svært for mig at slappe af,"0, Passede ikke på mig | 1, Passede en smule eller noget af tiden på mig | 2, Passede I betydelig grad eller en stor del af tiden på mig | 3, Passede rigtigt meget eller det meste af tiden på mig","","","","","",it is hard for the participant to relax
dass_dry_mouth,survey,radio,Jeg var opmærksom på tørhed i munden,"0, Passede ikke på mig | 1, Passede en smule eller noget af tiden på mig | 2, Passede I betydelig grad eller en stor del af tiden på mig | 3, Passede rigtigt meget eller det meste af tiden på mig","","","","","",the participant's experiences dry mouth
dass_pos_feelings,survey,radio,Jeg kunne ikke opleve nogen som helst positive følelser,"0, Passede ikke på mig | 1, Passede en smule eller noget af tiden på mig | 2, Passede I betydelig grad eller en stor del af tiden på mig | 3, Passede rigtigt meget eller det meste af tiden på mig","","","","","",The participant doesn't experience positive feelings
dass_diffi_breathing,survey,radio,"Jeg oplevede vejrtrækningsbesvær (fx udtalt hurtig vejrtrækning, åndenød uden fysisk anstrengelse)","0, Passede ikke på mig | 1, Passede en smule eller noget af tiden på mig | 2, Passede I betydelig grad eller en stor del af tiden på mig | 3, Passede rigtigt meget eller det meste af tiden på mig","","","","","",the participant's experiences respiratory problems
dass_lack_motiv,survey,radio,Jeg fandt det svært at tage initiativ til at foretage mig noget,"0, Passede ikke på mig | 1, Passede en smule eller noget af tiden på mig | 2, Passede I betydelig grad eller en stor del af tiden på mig | 3, Passede rigtigt meget eller det meste af tiden på mig","","","","","",the participant was unable to take initiative
dass_overreact,survey,radio,Jeg var tilbøjelig til at overreagere på situationer,"0, Passede ikke på mig | 1, Passede en smule eller noget af tiden på mig | 2, Passede I betydelig grad eller en stor del af tiden på mig | 3, Passede rigtigt meget eller det meste af tiden på mig","","","","","",the participant overreacts
dass_shiver_hands,survey,radio,Jeg oplevede at ryste (fx på hænderne),"0, Passede ikke på mig | 1, Passede en smule eller noget af tiden på mig | 2, Passede I betydelig grad eller en stor del af tiden på mig | 3, Passede rigtigt meget eller det meste af tiden på mig","","","","","",the participant was shaking
dass_phys_en,survey,radio,"Jeg følte, at jeg brugte en masse psykisk energi","0, Passede ikke på mig | 1, Passede en smule eller noget af tiden på mig | 2, Passede I betydelig grad eller en stor del af tiden på mig | 3, Passede rigtigt meget eller det meste af tiden på mig","","","","","",the participant used a lot of energy
dass_embarras,survey,radio,"Jeg var bekymret for situationer, hvor jeg kunne gå i panik og gøre mig selv til grin","0, Passede ikke på mig | 1, Passede en smule eller noget af tiden på mig | 2, Passede I betydelig grad eller en stor del af tiden på mig | 3, Passede rigtigt meget eller det meste af tiden på mig","","","","","",The participant was afraid of panicking and embarrassing him-/herself
dass_excitement,survey,radio,"Jeg følte, at jeg ikke havde noget at se frem til","0, Passede ikke på mig | 1, Passede en smule eller noget af tiden på mig | 2, Passede I betydelig grad eller en stor del af tiden på mig | 3, Passede rigtigt meget eller det meste af tiden på mig","","","","","",het participant didn't have anything to look forward to
dass_uneasy,survey,radio,Jeg følte mig urolig og rastløs,"0, Passede ikke på mig | 1, Passede en smule eller noget af tiden på mig | 2, Passede I betydelig grad eller en stor del af tiden på mig | 3, Passede rigtigt meget eller det meste af tiden på mig","","","","","",the participant felt restless
dass_restless,survey,radio,Jeg havde svært ved at slappe af,"0, Passede ikke på mig | 1, Passede en smule eller noget af tiden på mig | 2, Passede I betydelig grad eller en stor del af tiden på mig | 3, Passede rigtigt meget eller det meste af tiden på mig","","","","","",the participant couldn't relax
dass_discouraged,survey,radio,Jeg følte mig modløs og trist,"0, Passede ikke på mig | 1, Passede en smule eller noget af tiden på mig | 2, Passede I betydelig grad eller en stor del af tiden på mig | 3, Passede rigtigt meget eller det meste af tiden på mig","","","","","",the participant felt lost
dass_interrupt,survey,radio,"Jeg kunne ikke holde ud at blive afbrudt, når jeg var i gang med noget","0, Passede ikke på mig | 1, Passede en smule eller noget af tiden på mig | 2, Passede I betydelig grad eller en stor del af tiden på mig | 3, Passede rigtigt meget eller det meste af tiden på mig","","","","","",the participant couldn't tolerate interruptions
dass_panic,survey,radio,Jeg følte mig tæt på panik,"0, Passede ikke på mig | 1, Passede en smule eller noget af tiden på mig | 2, Passede I betydelig grad eller en stor del af tiden på mig | 3, Passede rigtigt meget eller det meste af tiden på mig","","","","","",the participant felt like panicking
dass_lack_enthus,survey,radio,Jeg kunne ikke være entusiastisk over noget som helst,"0, Passede ikke på mig | 1, Passede en smule eller noget af tiden på mig | 2, Passede I betydelig grad eller en stor del af tiden på mig | 3, Passede rigtigt meget eller det meste af tiden på mig","","","","","",the participant didn't feel enthusiastic about anything
dass_worthless,survey,radio,Jeg følte mig ikke meget værd som person,"0, Passede ikke på mig | 1, Passede en smule eller noget af tiden på mig | 2, Passede I betydelig grad eller en stor del af tiden på mig | 3, Passede rigtigt meget eller det meste af tiden på mig","","","","","",het participant felt worthless
dass_sensitive,survey,radio,Jeg følte mig noget nærtagende,"0, Passede ikke på mig | 1, Passede en smule eller noget af tiden på mig | 2, Passede I betydelig grad eller en stor del af tiden på mig | 3, Passede rigtigt meget eller det meste af tiden på mig","","","","","",The participant felt sensitive
dass_heart_rhythm,survey,radio,"Jeg var opmærksom på min hjerterytme, selvom jeg ikke anstrengte mig fysisk (fx fornemmelse af øget puls, overspring af hjerteslag)","0, Passede ikke på mig | 1, Passede en smule eller noget af tiden på mig | 2, Passede I betydelig grad eller en stor del af tiden på mig | 3, Passede rigtigt meget eller det meste af tiden på mig","","","","","",the participant was aware of his/her heart rhythm
dass_scared,survey,radio,Jeg følte mig bange uden nogen rimelig grund,"0, Passede ikke på mig | 1, Passede en smule eller noget af tiden på mig | 2, Passede I betydelig grad eller en stor del af tiden på mig | 3, Passede rigtigt meget eller det meste af tiden på mig","","","","","",the participant felt scared for no reason
dass_meaningless,survey,radio,"Jeg følte, at livet var meningsløst","0, Passede ikke på mig | 1, Passede en smule eller noget af tiden på mig | 2, Passede I betydelig grad eller en stor del af tiden på mig | 3, Passede rigtigt meget eller det meste af tiden på mig","","","","","",the participant felt life was hopeless
mental_contact,survey,descriptive,"<div class=""rich-text-field-label""><p><span style=""font-weight: normal;"">Hvis dette spørgeskema har vækket bekymring eller ubehag, anbefaler vi, at du taler med nogen og søger støtte, fx hos din egen læge eller en anden sundhedsprofessionel.</span><br><br><span style=""font-weight: normal;"">Hvis du er i akut krise eller har tanker om at skade dig selv, skal du søge hjælp med det samme.</span><br><span style=""font-weight: normal;"">Du kan kontakte Livslinien: </span>70 201 201<span style=""font-weight: normal;""> eller ringe </span>112<span style=""font-weight: normal;""> ved akut fare.</span></p></div>","","","","","","",""
dass_end,survey,text,"","","",datetime_seconds_dmy,"","","",@HIDDEN-SURVEY @NOW
dass21_compl_time,survey,calc,"","datediff([family_end],[dass_end],""s"",true)","","","","","",@HIDDEN-SURVEY
pss_intro,survey,descriptive,"<div class=""rich-text-field-label""><p>Spørgsmålene i dette skema drejer sig om dine følelser og tanker <span style=""text-decoration: underline;"">inden for den sidste måned</span>. Ved hvert punkt skal du angive, hvor ofte du har haft den pågældende følelse eller tanke.</p> <p> </p> <p>Hvor ofte inden for den sidste måned...</p></div>","","","","","","",""
pss_upset,survey,radio,"er du blevet oprevet over noget, der skete uventet?","0, Aldrig | 1, Næsten aldrig | 2, Ind imellem | 3, Ret ofte | 4, Meget ofte","","","","","",how often the participant felt frustrated the past month
pss_lack_control,survey,radio,"har du følt, at du var ude af stand til at kontrollere de betydningsfulde ting i dit liv?","0, Aldrig | 1, Næsten aldrig | 2, Ind imellem | 3, Ret ofte | 4, Meget ofte","","","","","",how often the participant felt lack of control the past month
pss_nervous,survey,radio,"har du følt dig nervøs og ""stresset""?","0, Aldrig | 1, Næsten aldrig | 2, Ind imellem | 3, Ret ofte | 4, Meget ofte","","","","","",how often the participant felt nervous the past month
pss_handle_probs,survey,radio,har du følt dig sikker på dine evner til at klare dine personlige problemer?,"0, Aldrig | 1, Næsten aldrig | 2, Ind imellem | 3, Ret ofte | 4, Meget ofte","","","","","",how often the participant felt confident the past month
pss_as_plan,survey,radio,"har du følt, at tingene gik som du ønskede det?","0, Aldrig | 1, Næsten aldrig | 2, Ind imellem | 3, Ret ofte | 4, Meget ofte","","","","","",how often the participant felt that things went as planned the past month
pss_resilience,survey,radio,"har du oplevet, at du ikke kunne overkomme alt det du skulle?","0, Aldrig | 1, Næsten aldrig | 2, Ind imellem | 3, Ret ofte | 4, Meget ofte","","","","","",how often the participant felt lack of capacity the past month
pss_handle_irri,survey,radio,"har du været i stand til at håndtere ting, som irriterer dig?","0, Aldrig | 1, Næsten aldrig | 2, Ind imellem | 3, Ret ofte | 4, Meget ofte","","","","","",how often the participant felt able to manage every-day-life the past month
pss_control,survey,radio,"har du følt, at du havde styr på tingene?","0, Aldrig | 1, Næsten aldrig | 2, Ind imellem | 3, Ret ofte | 4, Meget ofte","","","","","",how often the participant felt in control the past month
pss_lack_influ,survey,radio,"er du blevet vred over ting, du ikke havde indflydelse på?","0, Aldrig | 1, Næsten aldrig | 2, Ind imellem | 3, Ret ofte | 4, Meget ofte","","","","","",how often the participant felt angry due to lack of control the past month
pss_cumul_prob,survey,radio,"har du følt, at vanskelighederne hobede sig så meget op, at du ikke kunne klare dem?","0, Aldrig | 1, Næsten aldrig | 2, Ind imellem | 3, Ret ofte | 4, Meget ofte","","","","","",how often did the participant felt overwhelmed by tasks in the past month
stress_contact,survey,descriptive,"<div class=""rich-text-field-label""><p><span style=""font-weight: normal;"">Hvis dette spørgeskema har fået dig til at reflektere over dit stressniveau eller givet anledning til bekymring, anbefaler vi, at du taler med nogen og søger støtte, fx hos din egen læge, en psykolog eller en anden person, du har tillid til.</span><br><br><span style=""font-weight: normal;"">Hvis du oplever vedvarende stresssymptomer, er det vigtigt at reagere i tide og søge hjælp.</span></p></div>","","","","","","",""
pss_end,survey,text,"","","",datetime_seconds_dmy,"","","",@HIDDEN-SURVEY @NOW
pss_compl_time,survey,calc,"","datediff([dass_end],[pss_end],""s"",true)","","","","","",@HIDDEN-SURVEY
sleep_problems_intro,survey,descriptive,"De næste spørgsmål handler om din søvn og kan hjælpe med at vurdere risiko for søvnrelaterede vejrtrækningsproblemer (fx søvnapnø). Vælg det svar, der passer bedst.","","","","","","",""
berlin_snor,survey,radio,Snorker du? ,"1, Ja | 0, Nej | 99, Ved ikke","","","","","",Does the participant snor
berlin_snor_volume,survey,radio,Din snorken er:,"1, Lidt højere end din vejrtrækning|2, Så højt som tale|3, Højere end tale","","","","","",the volume of the participant's snor
berlin_snor_freq,survey,radio,Hvor ofte snorker du?,"1, Næsten hver dag | 2, 3-4 gange om ugen | 3, 1-2 gange om ugen | 4, 1-2 gange om måneden | 5, Sjældent eller aldrig","","","","","",how often does the participant snor
berlin_bother,survey,radio,Har din snorken generet andre?,"1, Næsten hver dag | 2, 3-4 gange om ugen | 3, 1-2 gange om ugen | 4, 1-2 gange om måneden | 5, Sjældent eller aldrig","","","","","",did the snor ever disturb the participant
berlin_breath,survey,radio,Har andre observeret at du holder op med at trække vejret under søvn?,"1, Næsten hver dag | 2, 3-4 gange om ugen | 3, 1-2 gange om ugen | 4, 1-2 gange om måneden | 5, Sjældent eller aldrig","","","","","",Does the participant stop breathing during sleep
berlin_tired,survey,radio,Hvor ofte føler du dig træt eller udmattet efter søvn?,"1, Næsten hver dag | 2, 3-4 gange om ugen | 3, 1-2 gange om ugen | 4, 1-2 gange om måneden | 5, Sjældent eller aldrig","","","","","",how often does the participant feel tired
berlin_tired_daytime,survey,radio,"I dine vågne timer, hvor ofte føler du dig træt, udmattet eller ikke på toppen?","1, Næsten hver dag | 2, 3-4 gange om ugen | 3, 1-2 gange om ugen | 4, 1-2 gange om måneden | 5, Sjældent eller aldrig","","","","","",how often does the participant feel tired during the day
berlin_sleep_driving,survey,radio,"Er du nogensinde faldet i søvn, eller været ved at falde i søvn, mens du kørte bil?","1, Ja | 0, Nej","","","","","",did the participant ever fall asleep while driving
berlin_sleep_driv_freq,survey,radio,Sker det ofte?,"1, Næsten hver dag | 2, 3-4 gange om ugen | 3, 1- 2 gange om ugen | 4, 1-2 gange om måneden | 5, Sjældent eller aldrig","","","","","",does sleeping while driving happen often
berlin_end,survey,text,"","","",datetime_seconds_dmy,"","","",@HIDDEN-SURVEY @NOW
berlin_complt_time,survey,calc,"","datediff([pss_end],[berlin_end],""s"",true)","","","","","",@HIDDEN-SURVEY
intro_umtcq,survey,descriptive,"<div class=""rich-text-field-label""><p>De næste spørgsmål handler om din søvn på arbejds- og fridage. Angiv et <span style=""text-decoration: underline;"">gennemsnitligt skøn</span> over<br>dit ""normale"" søvnmønster over de seneste 6 uger, hvor du kunne følge dine sædvanlige rutiner.</p></div>","","","","","","",""
umctq_shift,survey,radio,"<div class=""rich-text-field-label""><p>Har du haft skifteholds- eller natarbejde i de seneste 3 måneder?</p></div>","1, Ja|2, Nej","","","","","",""
umctq_text,survey,descriptive,"<div class=""rich-text-field-label""><p>Svar venligst på alle følgende spørgsmål, også selvom du ikke er i arbejde eller arbejder 7 dage om<br>ugen.</p></div>","","","","","","",""
umctq_sleep_hr,survey,text,"","","",integer,0,24,"","@PLACEHOLDER=""time"""
umctq_sleep_min,survey,text,"","","",integer,0,60,"","@PLACEHOLDER=""min"""
umctq_wake_hr,survey,text,"","","",integer,0,24,"","@PLACEHOLDER=""time"""
umctq_wake_min,survey,text,"","","",integer,0,60,"","@PLACEHOLDER=""min"""
umctq_workday,survey,descriptive,"<div class=""rich-text-field-label""><div class=""timewrap""> <div class=""timelabel""> <div class=""timewrap""> <div class=""timelabel""><span style=""font-size: 10pt;""><strong>På ARBEJDSDAGE/HVERDAGE</strong></span></div> <div class=""timelabel""><span style=""font-size: 10pt; font-weight: normal;"">falder jeg normalt i søvn kl.</span></div> <div class=""timeinputs""><br>    {umctq_sleep_hr} <span class=""timesep"">:</span> {umctq_sleep_min}<br>  <span style=""font-weight: normal;""> (Dette er IKKE, når du går i seng, men i stedet når du falder i søvn)</span><br><span style=""font-weight: normal;""> </span></div> <div class=""timehint""> </div> <div class=""timelabel""><span style=""font-size: 10pt; font-weight: normal;"">vågner jeg normalt kl.</span></div> <div class=""timeinputs""><br>    {umctq_wake_hr} <span class=""timesep"">:</span> {umctq_wake_min}<br>   <span style=""font-weight: normal;"">(Dette er IKKE, når du står op, men i stedet når du vågner)</span><br>  </div> <div class=""timehint""> </div> </div> </div> </div></div>","","","","","","",""
umctq_sleep_hr_we,survey,text,"","","",integer,0,24,"","@PLACEHOLDER=""time"""
umctq_sleep_min_we,survey,text,"","","",integer,0,60,"","@PLACEHOLDER=""min"""
umctq_wake_hr_we,survey,text,"","","",integer,0,24,"","@PLACEHOLDER=""time"""
umctq_wake_min_we,survey,text,"","","",integer,0,60,"","@PLACEHOLDER=""min"""
umctq_workday_2,survey,descriptive,"<div class=""rich-text-field-label""><div class=""timewrap""> <div class=""timelabel""> <div class=""timewrap""> <div class=""timelabel""><span style=""font-size: 10pt;""><strong>På FRIDAGE - Hvis jeg IKKE bruger vækkeur</strong></span></div> <div class=""timelabel""><span style=""font-size: 10pt; font-weight: normal;"">falder jeg normalt i søvn kl.</span></div> <div class=""timeinputs""><br>    {umctq_sleep_hr_we} <span class=""timesep"">:</span> {umctq_sleep_min_we}<br>    <span style=""font-weight: normal;"">(Dette er IKKE, når du går i seng, men i stedet når du falder i søvn)</span><br><span style=""font-weight: normal;""> </span></div> <div class=""timehint""> </div> <div class=""timelabel""><span style=""font-size: 10pt; font-weight: normal;"">vågner jeg normalt kl.</span></div> <div class=""timeinputs""><br>    {umctq_wake_hr_we} <span class=""timesep"">:</span> {umctq_wake_min_we}<br><span style=""font-weight: normal;"">    (Dette er IKKE, når du står op, men i stedet når du vågner)</span><br>  </div> <div class=""timehint""> </div> </div> </div> </div></div>","","","","","","",""
circadian_var,survey,radio,"<div class=""rich-text-field-label""><p>Over en typisk uge (både hverdag og weekenddage), hvor meget varierer dine senge- og stå-op-tider ?<br><br></p> <p><em><span style=""font-weight: normal;"">Angiv den største forskel, der typisk er mellem to ugedage. Hvis dine sengetider varierer mest, er det kun den største timeforskel i sengetider, du skal angive, selvom dine stå-op-tider varierer næsten lige så meget. Modsat hvis dine stå-op-tider varierer mest</span></em></p></div>","1, Under 1 times forskel mellem ugedage i senge eller stå-op-tider|2, 1-2 timers forskel mellem ugedage i senge eller stå-op-tider|3, 2-3 timers forskel mellem ugedage i senge eller stå-op-tider|4, 3-4 timers forskel mellem ugedage i senge eller stå-op-tider|5, 4-5 timers forskel mellem ugedage i senge eller stå-op-tider|6, mere end 5 timers forskel mellem ugedage i senge eller stå-op-tider","","","","","",""
meq_item,survey,radio,"<div class=""rich-text-field-label""><p>Man taler om 'morgenmennesker' og 'aftenmennesker' også kaldet A- og B-mennesker. Hvilken gruppe tror<br>du, du selv hører til?</p> <p> </p></div>","6, Afgjort morgenmenneske|4, Mere morgen- end aftenmenneske|2, Mere aften- end morgenmenneske|1, Afgjort aftenmenneske|999, Ved ikke","","","","","",""
mctq_end,survey,text,"","","",datetime_seconds_dmy,"","","",@HIDDEN-SURVEY @NOW
mctq_compl_time,survey,calc,"","datediff([berlin_end],[mctq_end],""s"",true)","","","","","",@HIDDEN-SURVEY
trans_main,survey,radio,Hvilken transportform bruger du oftest i din hverdag?,"1, Til fods|2, På cykel|3, I bil / på motorcykel, knallert eller scooter|4, Offentlig transport","","","","","",""
work_activity,survey,radio,Hvilken af følgende beskriver bedst din normale arbejdsdag?,"1, Mest stillesiddende (kontor/pc, meget lidt gang)|2, Blandet (noget stillesiddende, men også en del stå/gang)|3, Mest stående/gående (meget gang, men ikke tungt fysisk arbejde)|4, Fysisk krævende (tungt arbejde/løft, høj fysisk belastning)|5, Jeg er ikke på arbejdsmarkedet","","","","","",""
leisure_activity_cat,survey,radio,Hvilken af følgende beskriver bedst din fritid?,"1, Jeg sidder som regel ned (fx læser, ser tv/streaming, går i biografen) og bruger fritiden på overvejende stillesiddende aktiviteter|2, Jeg går ture, cykler lidt eller er fysisk aktiv mindst 4 timer om ugen (fx let havearbejde, husligt arbejde, bordtennis eller bowling)|3, Jeg dyrker motion/sport mindst 3 gange om ugen. Hvis du ikke dyrker sport, men ofte laver tungt havearbejde eller andet tungt fysisk arbejde i fritiden, hører du også til her|4, Jeg dyrker konkurrencesport eller træner meget hårdt (fx langdistanceløb) flere gange om ugen","","","","","",""
ipaq_intro,survey,descriptive,"<div class=""rich-text-field-label""><p>Vi ønsker at undersøge de forskellige former for fysisk aktivitet, mennesker udfører i dagligdagen. Følgende Spørgsmål vedrører den tid, du<span style=""text-decoration: underline;""> i løbet af de sidste 7 dage</span> har tilbragt med fysisk aktivitet. Du bedes besvare hvert spørgsmål, selvom du ikke selv synes, at du er en aktiv person. <br><span style=""font-weight: normal;"">Angiv venligst aktiviteter på dit arbejde, aktiviteter som udgør en del af arbejdet hjemme eller i haven, aktiviteter for at komme fra et sted til et andet, og i fritiden aktiviteter i forbindelse med afslapning, motion eller idræt.</span><br><br>Angiv alle meget anstrengende aktiviteter, som du udførte <span style=""text-decoration: underline;"">de sidste 7 dage</span>. <span style=""font-weight: normal;"">Ved meget anstrengende fysisk aktivitet forstås aktiviteter, der kræver hård fysisk anstrengelse, som får dig til at trække vejret meget mere end normalt. Angiv kun fysiske aktiviteter, som du har udført i <span style=""text-decoration: underline;"">mindst 10 minutter ad gangen.</span></span></p></div>","","","","","","",""
ipaq_active_days,survey,dropdown,"Hvor mange dage har du de sidste 7 dage udført meget anstrengende fysiske aktiviteter som løftet tunge ting, gravet, aerobics eller cyklet hurtigt?","1, 1 dag om ugen|2, 2 dage om ugen|3, 3 dage om ugen|4, 4 dage om ugen|5, 5 dage om ugen|6, 6 dage om ugen|7, 7 dage om ugen|0, Ingen dage om ugen","","","","","",number of days the participant has been active during the last week
ipaq_active_time,survey,descriptive,"<div class=""rich-text-field-label""><p><span style=""font-weight: normal;"">Hvor meget tid tilbringer du som regel med </span>meget anstrengende fysiske aktiviteter<span style=""font-weight: normal;""> på en af disse dage? (Skriv tid i timer og minutter pr. dag)</span></p> <table style=""border-collapse: collapse; width: 30.2128%; height: 48px;"" border=""1""><colgroup><col style=""width: 27.5497%;""><col style=""width: 72.4503%;""></colgroup> <tbody> <tr style=""height: 24px;""> <td style=""border-style: hidden;"">Timer </td> <td style=""border-style: hidden;"">Minutter </td> </tr> <tr style=""height: 24px;""> <td style=""border-style: hidden;"">{ipaq_hours}</td> <td style=""border-style: hidden;"">{ipaq_minutes}</td> </tr> </tbody> </table> <p> </p></div>","","Skriv tiden i timer og minutter (fx 1,2 svarende til 1 time og 20 minutter)","","","","",number of days the participant spend on vigorous physical activity
ipaq_hours,survey,text,Timer ,"","",integer,0,12,"",""
ipaq_minutes,survey,text,Minutter ,"","",integer,"","","",""
ipaq_moderate_intro,survey,descriptive,"<div class=""rich-text-field-label""><p>Angiv alle moderate aktiviteter, som du udførte <span style=""text-decoration: underline;"">de sidste 7 dage</span>. <span style=""font-weight: normal;"">Ved moderat fysisk aktivitet forstås aktiviteter, der kræver moderat fysisk anstrengelse, som får dig til at trække vejret noget mere end normalt. Angiv kun fysiske aktiviteter, som du har udført i <span style=""text-decoration: underline;"">mindst 10 minutter ad gangen.</span></span></p></div>","","","","","","",""
ipaq_moderate_days,survey,dropdown,"<div class=""rich-text-field-label""><p>Hvor mange dage har du de sidste 7 dage udført moderate fysiske aktiviteter som båret lette genstande, cyklet i regelmæssigt tempo eller spillet tennisdouble? Medregn ikke gåture.</p></div>","1, 1 dag om ugen|2, 2 dage om ugen|3, 3 dage om ugen|4, 4 dage om ugen|5, 5 dage om ugen|6, 6 dage om ugen|7, 7 dage om ugen|0, ingen dage om ugen","","","","","",number of days the participant spend on moderate physical activity
ipaq_moderate_time,survey,descriptive,"<div class=""rich-text-field-label""><p><span style=""font-weight: normal;"">Hvor meget tid tilbringer du som regel med </span>moderate fysiske aktiviteter<span style=""font-weight: normal;""> på en af disse dage? (Skriv tid i timer og minutter pr. dag)</span></p> <div style=""width: 100%; max-width: 100%;""> <div style=""display: block; width: 100%; margin-bottom: 6px;""> <p> </p> <table style=""border-collapse: collapse; width: 37.3914%; height: 47.5px;"" border=""1""><colgroup><col style=""width: 47.6071%;""><col style=""width: 52.3929%;""></colgroup> <tbody> <tr style=""height: 23.75px;""> <td style=""border-style: hidden;"">Timer </td> <td style=""border-style: hidden;"">Minutter </td> </tr> <tr style=""height: 23.75px;""> <td style=""border-style: hidden;"">{ipaq_moderate_hours}</td> <td style=""border-style: hidden;"">{ipaq_moderate_minutes}</td> </tr> </tbody> </table> </div> </div> <p> </p></div>","","Skriv tiden i timer og minutter (fx 1,2 svarende til 1 time og 20 minutter)","","","","",time spend on moderate physical activity
ipaq_moderate_hours,survey,text,"","","",integer,0,12,"",""
ipaq_moderate_minutes,survey,text,"","","",integer,0,60,"",""
ipaq_walk_intro,survey,descriptive,"<div class=""rich-text-field-label""><p>Angiv den tid de <span style=""text-decoration: underline;"">sidste 7 dage</span>, du tilbragte med gåture. <span style=""font-weight: normal;"">Dette er inklusive gåture på arbejdet eller hjemme, gåture i forbindelse med rejser fra et sted til et andet, og alle andre gåture kun i forbindelse med afslapning, idræt, motion eller fritid.</span></p></div>","","","","","","",ohw many days the participant spend on walking the past week
ipaq_walk_days,survey,dropdown,Hvor mange dage har du de sidste 7 dage gået mindst 10 minutter ad gangen?,"1, 1 dag om ugen|2, 2 dage om ugen|3, 3 dage om ugen|4, 4 dage om ugen|5, 5 dage om ugen|6, 6 dage om ugen|7, 7 dage om ugen|0, ingen dage om ugen","","","","","",number of days the participant walked at least 10 min
ipaq_walk_time,survey,descriptive,"<div class=""rich-text-field-label""><p><span style=""font-weight: normal;"">Hvor meget tid tilbringer du som regel </span>på gåture<span style=""font-weight: normal;""> på en af disse dage? </span><span style=""font-weight: normal;"">(Skriv tid i timer og minutter pr. dag)</span></p> <div style=""width: 100%; max-width: 100%;""> <div style=""display: block; width: 100%; margin-bottom: 6px;""> <p> </p> <table style=""border-collapse: collapse; width: 52.1986%; height: 47.5px;"" border=""1""><colgroup><col style=""width: 45.2131%;""><col style=""width: 54.7869%;""></colgroup> <tbody> <tr style=""height: 23.75px;""> <td style=""border-style: hidden;"">Timer </td> <td style=""border-style: hidden;"">Minutter </td> </tr> <tr style=""height: 23.75px;""> <td style=""border-style: hidden;"">{ipaq_walk_hours}</td> <td style=""border-style: hidden;"">{ipaq_walk_minutes}</td> </tr> </tbody> </table> </div> </div> <p> </p></div>","","Skriv tiden i timer og minutter (fx 1,2 svarende til 1 time og 20 minutter)","","","","",amount of time the participant spend on walking
ipaq_walk_hours,survey,text,"","","",integer,0,12,"",""
ipaq_walk_minutes,survey,text,"","","",integer,0,60,"",""
ipaq_sitting_intro,survey,descriptive,"<div class=""rich-text-field-label""><p>Det sidste spørgsmål vedrører den tid, du har brugt på at sidde ned på ugedage <span style=""text-decoration: underline;"">de sidste 7 dage</span>. <span style=""font-weight: normal;"">Medregn tid tilbragt på arbejdet, hjemme, mens du laver kursusarbejde og i fritiden. Dette kan være inklusive den tid, du har tilbragt ved et skrivebord, med venner, når du har læst eller har siddet eller lagt dig for at se TV.</span></p></div>","","","","","","",""
ipaq_walk_time_2,survey,descriptive,"<div class=""rich-text-field-label""><p><span style=""font-weight: normal;"">Hvor meget tid de sidste 7 dage har du brugt </span>på at sidde ned på en ugedag?<span style=""font-weight: normal;""> (Skriv tid i timer og minutter pr. dag)</span></p> <div style=""width: 100%; max-width: 100%;""> <div style=""display: block; width: 100%; margin-bottom: 6px;""> <p> </p> <table style=""border-collapse: collapse; width: 52.1986%; height: 47.5px;"" border=""1""><colgroup><col style=""width: 45.2131%;""><col style=""width: 54.7869%;""></colgroup> <tbody> <tr style=""height: 23.75px;""> <td style=""border-style: hidden;"">Timer </td> <td style=""border-style: hidden;"">Minutter </td> </tr> <tr style=""height: 23.75px;""> <td style=""border-style: hidden;"">{ipaq_sit_hours}</td> <td style=""border-style: hidden;"">{ipaq_sit_minutes}</td> </tr> </tbody> </table> </div> </div> <p> </p></div>","","Skriv tiden i timer og minutter (fx 1,2 svarende til 1 time og 20 minutter)","","","","",amount of time the participant spend on walking
ipaq_sit_hours,survey,text,"","","",integer,0,12,"",""
ipaq_sit_minutes,survey,text,"","","",integer,0,60,"",""
ipaq_end,survey,text,"","","",datetime_seconds_dmy,"","","",@HIDDEN-SURVEY @NOW
ipaq_compl_time,survey,calc,"","datediff([mctq_end],[ipaq_end],""s"",true)","","","","","",@HIDDEN-SURVEY
use_personal_tracker,survey,radio,"Bruger du i din hverdag  et smartwatch/aktivitetsur og/eller din mobiltelefon til at holde øje med din fysiske aktivitet, træning eller søvn?","1, Ja | 0, Nej","","","","","",""
health_tracker_devices,survey,checkbox,Hvad bruger du typisk til at holde øje med aktivitet/træning/søvn?,"1, Smartwatch/aktivitetsur (fx Garmin, Apple Watch, Fitbit, Polar  m.fl.)|2, Mobiltelefon (fx Apple Health, Google Fit, Samsung Health m.fl.)|3, Andre instrumenter eller måleenheder",Du kan sætte adskillige krydser,"","","","",""
other_health_tracker,survey,notes,"Hvis du trykkede ""andet"" - hvilket instrument(er) / måleenhed(er)? (det kunne fx være oura ring  en glukose-måler (dexcom/Freestyle Libre) eller andet du bærer på kroppen dagligt eller de fleste dage)""","","","","","","",""
smart_watch_type,survey,dropdown,Hvilket mærke af smartwatch?,"1, Apple Watch (Apple)|2, Garmin|3, Fitbit|4, Samsung Galaxy Watch|5, Polar|6, Suunto|7, Huawei Watch|8, Xiaomi / Mi Band|9, Andet mærke|10, kender ikke mærket","","","","","",""
smartphone_brand,survey,dropdown,Hvilket type smartphone har du?,"1, Android (fx Samsung, Xiaomi, OnePlus, Huawei m.fl.)|2, Apple iPhone (iOS)|3, Andet|9, Ved ikke","","","","","",""
smart_phone_other,survey,notes,"hvis ""anden"" smartphone - hvilken?","","Lad feltet stå tomt, hvis du ikke ved det","","","","",""
health_data_intro,survey,descriptive,"<div class=""rich-text-field-label""><p><span style=""font-size: 12pt;"">Du må her meget gerne åbne den app du normalt bruger (fx Apple Health, Google Fit, Garmin Connect, Fitbit osv.) og kopiere de tal, du kan se derfra.</span><br><br>Svar kun på de spørgsmål, hvor du nemt kan finde oplysningerne - resten kan du springe over.</p></div>","","","","","","",""
mvpa_can_report,survey,radio,"Kan du i din app se et mål for daglig ""aktiv tid"" eller træningsminutter (fx ""aktive minutter"", ""intensiv aktivitet"" eller lignende)?","1, Ja, jeg kan se aktiv tid/træningsminutter|0, Nej, jeg kan ikke finde oplysningerne","","","","","",""
mvpa_min_7d,survey,text,Hvor mange minutters aktivitet/træning udfører du i gennemsnit pr. dag ifølge din app (fx gennemsnit for de seneste 7 dage)?,"",Angiv tiden i hele minutter (fx. 60).,integer,0,600,"",""
steps_can_report,survey,radio,Kan du se dine skridttal i din app lige nu (fx for de seneste 7 dage)?,"1, Ja, jeg kan se skridttal | 0, Nej, jeg kan ikke finde oplysningerne","","","","","",""
step_avg_7d,survey,text,Hvor mange skridt går du i gennemsnit pr. dag ifølge din app (fx gennemsnit for de seneste 7 dage)?,"","","","","","",""
sleep_can_report,survey,radio,Kan du se din søvnlængde i din app (fx gennemsnitlig søvn pr. nat for de seneste 7 dage)?,"1, Ja, jeg kan se søvnoplysninger|0, Nej, jeg kan ikke finde oplysningerne","","","","","",""
sleep_hours_avg,survey,text,Hvor mange timers søvn får du i gennemsnit pr. nat ifølge din app (fx gennemsnit for de seneste 7 dage)? - angiv i timer med et tal efter kommaet,"","(Du kan fx skrive 7,5 hvis app'en viser 7½ time.)",number_1dp_comma_decimal,"0,0","24,0","",""
rhr_can_report,survey,radio,Viser din app et mål for din hvilepuls (resting heart rate)?,"1, Ja, jeg kan se min hvilepuls|0, Nej, jeg kan ikke finde oplysningerne","","","","","",""
rhr_value,survey,text,Hvad er din hvilepuls ifølge app'en (fx gennemsnit for de seneste 7 dage)?,"",(i slag pr. minut / beats per minute (BPM),integer,20,200,"",""
vo2max_can_report,survey,radio,"Viser dit ur eller din app et mål for din kondition (fx ""VO₂max"", ""kondital"" eller lignende)?","1, Ja, jeg kan se et mål for VO₂max/kondital|0, Nej, jeg kan ikke finde oplysningerne","","","","","",""
vo2max_value,survey,text,Hvad er din VO₂max og/eller kondital ifølge app'en (Kondital angives normalt i ml/kg/min og ligger typisk omkring 20-60 hos voksne. Skriv kun tallet  fx 38. Hvis du bruger en anden enhed (eks. VO₂max) kan det skrives i feltet),"","","","","","",""
healthdata_other,survey,notes,"Er der andre sundhedsdata fra dit ur/din app, som du synes er vigtige (fx blodtryk, blodsukker, stressscore, ""body battery"" eller lignende)? Hvis der er kan du angive detaljer i dette tekstfelt","","","","","","",""
healthtrack_end,survey,text,"","","",datetime_seconds_dmy,"","","",@HIDDEN-SURVEY @NOW
healthtrack_compl,survey,calc,"","datediff([ipaq_end],[healthtrack_end],""s"",true)","","","","","",@HIDDEN-SURVEY
bhla_intro,survey,descriptive,"Vælg den mulighed nedenfor, der bedst beskriver din mening.

Jeg er sikker på at...","","","","","","",""
bhla_knowledge,survey,radio,Jeg har god viden om sundhed,"1, Slet ikke rigtigt | 2, Ikke helt rigtigt | 3, Nogenlunde rigtigt | 4, Helt rigtigt","","","","","",the participant has good knowledge about health
bhla_health_ideas,survey,radio,"Jeg kan komme med ideer til at forbedre sundheden i mine nære omgivelser (fx et sted i nærheden, min familie, venner)","1, Slet ikke rigtigt | 2, Ikke helt rigtigt | 3, Nogenlunde rigtigt | 4, Helt rigtigt","","","","","",the participant can share knowledge about health with friends and family
bhla_comp_info,survey,radio,Jeg kan sammenligne information om sundhed fra forskellige kilder,"1, Slet ikke rigtigt | 2, Ikke helt rigtigt | 3, Nogenlunde rigtigt | 4, Helt rigtigt","","","","","",the participant can compare health cnowledge
bhla_follow_instruct,survey,radio,"Jeg kan følge de anvisninger, jeg får fra sundhedspersonale (fx sygeplejerske eller læge)","1, Slet ikke rigtigt | 2, Ikke helt rigtigt | 3, Nogenlunde rigtigt | 4, Helt rigtigt","","","","","",the participant can follow health recommendations
bhla_better_health,survey,radio,"Jeg kan nemt komme med eksempler på noget, der forbedrer sundhed","1, Slet ikke rigtigt | 2, Ikke helt rigtigt | 3, Nogenlunde rigtigt | 4, Helt rigtigt","","","","","",the participant knows how to improve their health
bhla_actions_eff,survey,radio,"Jeg kan vurdere, hvordan mine handlinger påvirker naturen omkring mig","1, Slet ikke rigtigt | 2, Ikke helt rigtigt | 3, Nogenlunde rigtigt | 4, Helt rigtigt","","","","","",the participant knows how to their actions effect health
bhla_understa_health,survey,radio,"Jeg kan finde information om sundhed, som jeg let kan forstå","1, Slet ikke rigtigt | 2, Ikke helt rigtigt | 3, Nogenlunde rigtigt | 4, Helt rigtigt","","","","","",the participant can find health informations that are easy to understand
bhla_health_behav,survey,radio,"Jeg kan vurdere, hvordan min adfærd påvirker min sundhed","1, Slet ikke rigtigt | 2, Ikke helt rigtigt | 3, Nogenlunde rigtigt | 4, Helt rigtigt","","","","","",the participant understands how behaviour effects health
bhla_false_info,survey,radio,"Jeg kan som regel vurdere, om information om sundhed er rigtig eller forkert","1, Slet ikke rigtigt | 2, Ikke helt rigtigt | 3, Nogenlunde rigtigt | 4, Helt rigtigt","","","","","",the participant knows when health information is true or false
bhla_argue_actions,survey,radio,Jeg kan begrunde de valg jeg træffer i forhold til min sundhed,"1, Slet ikke rigtigt | 2, Ikke helt rigtigt | 3, Nogenlunde rigtigt | 4, Helt rigtigt","","","","","",the participant can justify the choices they make
bhla_end,survey,text,"","","",datetime_seconds_dmy,"","","",@HIDDEN-SURVEY @NOW
bhla_compl_time,survey,calc,"","datediff([healthtrack_end],[bhla_end],""s"",true)","","","","","",@HIDDEN-SURVEY
bfis_intro,survey,descriptive,"Her er nogle karaktertræk som måske eller måske ikke passer på dig. For eksempel: Er du enig i, at du er en person, der... kan lide at bruge tid sammen med andre? Sæt kryds ud fra hvert udsagn alt efter hvor enig eller uenig du er i, at udsagnet beskriver dig.
Jeg er en der...","","","","","","",""
bfis_quiet,survey,radio,Er en stille type.,"1, Helt uenig|2, Delvist uenig|3, Neutral|4, Delvist enig|5, Helt enig","","","","","",the participant is a quiet type
bfis_compassion,survey,radio,"Er medfølende, har et stort hjerte.","1, Helt uenig|2, Delvist uenig|3, Neutral|4, Delvist enig|5, Helt enig","","","","","",the participant has a big heart
bfis_disorganized,survey,radio,Er lidt uorganiseret.,"1, Helt uenig|2, Delvist uenig|3, Neutral|4, Delvist enig|5, Helt enig","","","","","",the participant is unorganized
bfis_worried,survey,radio,Bekymrer sig meget.,"1, Helt uenig|2, Delvist uenig|3, Neutral|4, Delvist enig|5, Helt enig","","","","","",the participant worry a lot
bfis_artistic,survey,radio,"Er optaget af kunst, musik og/eller litteratur.","1, Helt uenig|2, Delvist uenig|3, Neutral|4, Delvist enig|5, Helt enig","","","","","",the participant loves art and music
bfis_control,survey,radio,Ofte tager styringen.,"1, Helt uenig|2, Delvist uenig|3, Neutral|4, Delvist enig|5, Helt enig","","","","","",the participant takes control often
bfis_rude,survey,radio,Nogle gange er grov og uhøflig over for andre.,"1, Helt uenig|2, Delvist uenig|3, Neutral|4, Delvist enig|5, Helt enig","","","","","",the participant can be rude towads others
bfis_motivation,survey,radio,Har svært ved at komme i gang med opgaver.,"1, Helt uenig|2, Delvist uenig|3, Neutral|4, Delvist enig|5, Helt enig","","","","","",the participant has trouble getting started on tasks
bfis_depressed,survey,radio,"Har tendens til at føle sig deprimeret, nedtrykt.","1, Helt uenig|2, Delvist uenig|3, Neutral|4, Delvist enig|5, Helt enig","","","","","",the participant feels depressed
bfis_not_abstract,survey,radio,Har ringe interesse i abstrakte idéer.,"1, Helt uenig|2, Delvist uenig|3, Neutral|4, Delvist enig|5, Helt enig","","","","","",the participant has no interest in abstract ideas
bfis_energetic,survey,radio,Er fuld af energi.,"1, Helt uenig|2, Delvist uenig|3, Neutral|4, Delvist enig|5, Helt enig","","","","","",the participant is full of energy
bfis_naive,survey,radio,Tænker det bedste om folk.,"1, Helt uenig|2, Delvist uenig|3, Neutral|4, Delvist enig|5, Helt enig","","","","","",the participant sees the best in people
bfis_reliable,survey,radio,"Er pålidelig, gør som aftalt.","1, Helt uenig|2, Delvist uenig|3, Neutral|4, Delvist enig|5, Helt enig","","","","","",the participant is trustworthy
bfis_stable,survey,radio,"Er følelsesmæssigt stabil, bliver sjældent oprevet.","1, Helt uenig|2, Delvist uenig|3, Neutral|4, Delvist enig|5, Helt enig","","","","","",the participant is emotionally stable
bfis_innovative,survey,radio,"Er nyskabende, finder på nye idéer.","1, Helt uenig|2, Delvist uenig|3, Neutral|4, Delvist enig|5, Helt enig","","","","","",the participant is innovative
bfis_social,survey,radio,"Er udadvendt, social.","1, Helt uenig|2, Delvist uenig|3, Neutral|4, Delvist enig|5, Helt enig","","","","","",the participant is social
bfis_indifferent,survey,radio,Kan være kold og ligeglad med andre.,"1, Helt uenig|2, Delvist uenig|3, Neutral|4, Delvist enig|5, Helt enig","","","","","",the participant can be careless
bfis_organized,survey,radio,Holder ting i pæn og ryddelig orden.,"1, Helt uenig|2, Delvist uenig|3, Neutral|4, Delvist enig|5, Helt enig","","","","","",the participant is organized
bfis_relaxed,survey,radio,"Er afslappet, kan håndtere stress.","1, Helt uenig|2, Delvist uenig|3, Neutral|4, Delvist enig|5, Helt enig","","","","","",the participant is relaxed
bfis_not_artistic,survey,radio,Har få kunstneriske interesser.,"1, Helt uenig|2, Delvist uenig|3, Neutral|4, Delvist enig|5, Helt enig","","","","","",the participant has few artistic interests
bfis_compliant,survey,radio,Foretrækker at andre bestemmer.,"1, Helt uenig|2, Delvist uenig|3, Neutral|4, Delvist enig|5, Helt enig","","","","","",the participant prefer others to decide
bfis_respectful,survey,radio,"Er respektfuld, behandler andre med respekt.","1, Helt uenig|2, Delvist uenig|3, Neutral|4, Delvist enig|5, Helt enig","","","","","",the participant is respectful
bfis_persistent,survey,radio,"Er vedholdende, fortsætter indtil opgaven er løst.","1, Helt uenig|2, Delvist uenig|3, Neutral|4, Delvist enig|5, Helt enig","","","","","",the participant is persistent
bfis_self_assured,survey,radio,"Føler sig tryg, har det godt med sig selv.","1, Helt uenig|2, Delvist uenig|3, Neutral|4, Delvist enig|5, Helt enig","","","","","",the participant feel safe
bfis_considerate,survey,radio,"Er tænksom, reflekterer over ting.","1, Helt uenig|2, Delvist uenig|3, Neutral|4, Delvist enig|5, Helt enig","","","","","",the participant is considerate
bfis_less_energetic,survey,radio,Er mindre energisk end andre.,"1, Helt uenig|2, Delvist uenig|3, Neutral|4, Delvist enig|5, Helt enig","","","","","",the participant is less engergetic compared to others
bfis_dependent,survey,radio,Ofte finder fejl ved andre.,"1, Helt uenig|2, Delvist uenig|3, Neutral|4, Delvist enig|5, Helt enig","","","","","",the participant sees other's mistakes
bfis_reckless,survey,radio,Kan være lettere skødesløs.,"1, Helt uenig|2, Delvist uenig|3, Neutral|4, Delvist enig|5, Helt enig","","","","","",the participant can be reckless
bfis_emotional,survey,radio,"Er temperamentsfuld, bliver nemt følelsesmæssigt oprørt.","1, Helt uenig|2, Delvist uenig|3, Neutral|4, Delvist enig|5, Helt enig","","","","","",the participant has a temperament
bfis_not_creative,survey,radio,Ikke er så kreativ.,"1, Helt uenig|2, Delvist uenig|3, Neutral|4, Delvist enig|5, Helt enig","","","","","",the participant not creative
bfis_end,survey,text,"","","",datetime_seconds_dmy,"","","",@HIDDEN-SURVEY @NOW
bfi2s_compl_time,survey,calc,"","datediff([bhla_end],[bfis_end],""s"",true)","","","","","",@HIDDEN-SURVEY
diet_intro,survey,radio,"Følger du en bestemt kostplan hvor du undgår bestemt fødevarer eller kun spiser på bestemte tidspunkter (eksempelvis vegetar, carnivore, veganer m.fl.) ?","1, Ja|2, Nej","","","","","",""
diet_foods,survey,radio,Hvilken kostform følger du?,"1, Carnivore (spiser kun kød)|2, Flexitar (spiser sjældent kød)|3, Pescetar (spiser ikke kød, men spiser fisk)|4, Vegetar (spiser ikke kød eller fisk)|5, Veganer (spiser ikke kød, fisk, mejeriprodukter eller æg)|6, Mediterranean Diet (meget grønt, fuldkorn, fisk, olivenolie, begrænset rødt kød)|7, Stenalderkost / paleo (kød, fisk, grønt, nødder; ingen kornprodukter og raffineret sukker)|8, Atkins (lavkulhydratkost med relativt højt protein- og fedtindtag)|9, Ketogen diæt (meget få kulhydrater, højt fedtindtag)|10, Raw food (primært rå, uforarbejdede fødevarer)|11, Intermittent fasting (spiser kun inden for bestemte tidsvinduer)|12, Anden diæt","","","","","",""
diet_foods_other,survey,text,Angiv hvilken anden diæt du følger?,"",Skriv dit svar i tekst ,alpha_only,"","","",""
diet_fasting,survey,text,På hvilke tidspunkter af døgnet spiser du?,"",Skriv mellem hvilket klokkeslæt du spiser (fx. 12.00-18.00),"","","","",""
diet_time,survey,radio,Hvor længe har du fulgt denne kostform?,"1, Hele livet|2, 20+år|3, 10-19 år|4, 5-9 år|5, 3-4 år|6, 1-2 år|7, 6 måneder - 1 år|8, 1-6 måneder|9, Mindre end 1 måned|10, Er lige startet (en uge eller mindre)","","","","","",""
aebq2,survey,radio,"Jeg beslutter ofte, at jeg ikke kan lide maden, inden jeg smager på den","1, Meget uenig|2, Uenig|3, Hverken enig eller uenig|4, Enig|5, Meget enig","","","","","",""
aebq5,survey,radio,"Jeg spiser mere, når jeg er irriteret","1, Meget uenig|2, Uenig|3, Hverken enig eller uenig|4, Enig|5, Meget enig","","","","","",""
aebq7,survey,radio,Jeg afviser nye typer mad i starten,"1, Meget uenig|2, Uenig|3, Hverken enig eller uenig|4, Enig|5, Meget enig","","","","","",""
aebq8,survey,radio,"Jeg spiser mere, når jeg er bekymret","1, Meget uenig|2, Uenig|3, Hverken enig eller uenig|4, Enig|5, Meget enig","","","","","",""
aebq9,survey,radio,"jeg spiser mere, når jeg er oprevet","1, Meget uenig|2, Uenig|3, Hverken enig eller uenig|4, Enig|5, Meget enig","","","","","",""
aebq10,survey,radio,Jeg nyder at smage nye madvarer,"1, Meget uenig|2, Uenig|3, Hverken enig eller uenig|4, Enig|5, Meget enig","","","","","",""
aebq11,survey,radio,"Jeg spiser mere, når jeg er ængstelig","1, Meget uenig|2, Uenig|3, Hverken enig eller uenig|4, Enig|5, Meget enig","","","","","",""
aebq12,survey,radio,"Jeg spiser mere, når jeg er vred","1, Meget uenig|2, Uenig|3, Hverken enig eller uenig|4, Enig|5, Meget enig","","","","","",""
aebq13,survey,radio,Jeg kan godt lide mange forskellige slags mad,"1, Meget uenig|2, Uenig|3, Hverken enig eller uenig|4, Enig|5, Meget enig","","","","","",""
genralfood_end,survey,text,"","","",datetime_seconds_dmy,"","","",@HIDDEN-SURVEY @NOW
gen_food_compl_time,survey,calc,"","datediff([bfis_end],[genralfood_end],""s"",true)","","","","","",@HIDDEN-SURVEY
myfas_intro,survey,descriptive,"<div class=""rich-text-field-label""><p><span style=""font-weight: normal;"">Folk har sommetider vanskeligt ved at kontrollere, hvor meget de spiser af bestemte madvarer som fx:</span></p> <p><span style=""font-weight: normal;""> -Søde sager som is, chokolade, doughnuts/wienerbrød, småkager, kage, slik</span></p> <p><span style=""font-weight: normal;"">-Kulhydrater som hvidt brød, rundstykker/boller, pasta og ris</span></p> <p><span style=""font-weight: normal;"">-Saltede snacks som chips, saltstænger og saltkiks-Fed mad som bøf, bacon, hamburgere, cheeseburgere, pizza og pomfritter</span></p> <p><span style=""font-weight: normal;"">-Sukkerholdige drikkevarer som sodavand, saftevand, sportsdrikke og energidrikke. </span></p> <p><span style=""font-weight: normal;"">Når de følgende spørgsmål spørger til ""BESTEMTE MADVARER"", bedes du tænke på HVILKEN SOM HELST type madvarer eller drikkevarer svarende til dem fra ovennævnte mad- og drikkevare grupper - eller HVILKEN SOM HELST ANDEN type mad, som du har haft problemer med gennem det seneste år.</span></p> <p> </p> <p>De næste spørgsmål handler om hvorvidt du kan opleve fx stærk trang, kontroltab eller at fortsætte med at spise på trods af ubehag.</p> <p>Besvar følgende spørgsmål baseret på de seneste 12 måneder.</p></div>","","","","","","",""
myfas_feeling_sick,survey,radio,"Jeg spiste, indtil jeg blev fysisk dårlig.","0, Aldrig | 1, Mindre end en gang om måneden | 2, En gang om måneden | 3, 2-3 gange om måneden | 4, En gang om ugen | 5, 2-3 gange om ugen | 6, 4-6 gange om ugen | 7, Hver dag","","","","","",the participant eats until they feel sick
myfas_sluggish,survey,radio,Jeg brugte meget tid på at føle mig sløv eller træt på grund af overspisningen.,"0, Aldrig | 1, Mindre end en gang om måneden | 2, En gang om måneden | 3, 2-3 gange om måneden | 4, En gang om ugen | 5, 2-3 gange om ugen | 6, 4-6 gange om ugen | 7, Hver dag","","","","","",the participant feels tired due to overeating
myfas_overeat,survey,radio,"Jeg undgik arbejde, skole eller sociale aktiviteter, fordi jeg var bange for, at jeg ville overspise der.","0, Aldrig | 1, Mindre end en gang om måneden | 2, En gang om måneden | 3, 2-3 gange om måneden | 4, En gang om ugen | 5, 2-3 gange om ugen | 6, 4-6 gange om ugen | 7, Hver dag","","","","","",the participant avoided social activities due to overeating
myfas_emo_eating,survey,radio,"Hvis jeg havde følelsesmæssige problemer, fordi jeg ikke havde spist bestemte madvarer, spiste jeg denne slags mad for at få det bedre.","0, Aldrig | 1, Mindre end en gang om måneden | 2, En gang om måneden | 3, 2-3 gange om måneden | 4, En gang om ugen | 5, 2-3 gange om ugen | 6, 4-6 gange om ugen | 7, Hver dag","","","","","",the participant ate certain foods to feel better
myfas_worry,survey,radio,Mine spisevaner har givet mig mange bekymringer.,"0, Aldrig | 1, Mindre end en gang om måneden | 2, En gang om måneden | 3, 2-3 gange om måneden | 4, En gang om ugen | 5, 2-3 gange om ugen | 6, 4-6 gange om ugen | 7, Hver dag","","","","","",The participant has many worries due to food
myfas_life_probs,survey,radio,Jeg havde betydelige problemer i mit liv på grund af mad og spisning.,"0, Aldrig | 1, Mindre end en gang om måneden | 2, En gang om måneden | 3, 2-3 gange om måneden | 4, En gang om ugen | 5, 2-3 gange om ugen | 6, 4-6 gange om ugen | 7, Hver dag","","","","","",the participant had many problems in life due to food
myfas_overeating_impa,survey,radio,Min overspisning forhindrede mig i at tage mig af min familie eller udføre huslige pligter.,"0, Aldrig | 1, Mindre end en gang om måneden | 2, En gang om måneden | 3, 2-3 gange om måneden | 4, En gang om ugen | 5, 2-3 gange om ugen | 6, 4-6 gange om ugen | 7, Hver dag","","","","","",the participant overeating prevents the him/her from taking care of their family
myfas_cont_overeat,survey,radio,"Jeg fortsatte med at spise på samme måde, selvom min spisning gav mig følelsesmæssige problemer.","0, Aldrig | 1, Mindre end en gang om måneden | 2, En gang om måneden | 3, 2-3 gange om måneden | 4, En gang om ugen | 5, 2-3 gange om ugen | 6, 4-6 gange om ugen | 7, Hver dag","","","","","","the participant continues eating the same way, even though it makes them feel bad"
myfas_less_enjoy,survey,radio,"Jeg opnåede ikke lige så stor nydelse ved at spise den samme mængde mad, som jeg plejede.","0, Aldrig | 1, Mindre end en gang om måneden | 2, En gang om måneden | 3, 2-3 gange om måneden | 4, En gang om ugen | 5, 2-3 gange om ugen | 6, 4-6 gange om ugen | 7, Hver dag","","","","","",the participant doesn't get the same good feeling form the same foods anymore
myfas_craving_obses,survey,radio,"Jeg havde så stærk trang til at spise bestemte madvarer, at jeg ikke kunne tænke på noget andet.","0, Aldrig | 1, Mindre end en gang om måneden | 2, En gang om måneden | 3, 2-3 gange om måneden | 4, En gang om ugen | 5, 2-3 gange om ugen | 6, 4-6 gange om ugen | 7, Hver dag","","","","","",the participant felt the urge to eat a certain food
myfas_lack_restraint,survey,radio,"Jeg forsøgte at skære ned på eller holde op med at spise bestemte madvarer, men jeg kunne ikke.","0, Aldrig | 1, Mindre end en gang om måneden | 2, En gang om måneden | 3, 2-3 gange om måneden | 4, En gang om ugen | 5, 2-3 gange om ugen | 6, 4-6 gange om ugen | 7, Hver dag","","","","","","the participant is trying to stop eating certain foods, but can't"
myfas_distracted,survey,radio,"Jeg var så distraheret af at spise, at jeg kunne være kommet til skade.","0, Aldrig | 1, Mindre end en gang om måneden | 2, En gang om måneden | 3, 2-3 gange om måneden | 4, En gang om ugen | 5, 2-3 gange om ugen | 6, 4-6 gange om ugen | 7, Hver dag","","","","","",the participant was so distracted by eating that they could have gotten hurt
myfas_family_concern,survey,radio,"Mine venner eller min familie var bekymrede over, hvor meget jeg overspiste.","0, Aldrig | 1, Mindre end en gang om måneden | 2, En gang om måneden | 3, 2-3 gange om måneden | 4, En gang om ugen | 5, 2-3 gange om ugen | 6, 4-6 gange om ugen | 7, Hver dag","","","","","",friends and family were worried about the participant's eating habits
